name,age_group,population
Afghanistan,0-4,6716085
Afghanistan,5-19,16109525
Afghanistan,20-49,15678529
Afghanistan,50-64,2536113
Afghanistan,65+,1004402
Albania,0-4,143687
Albania,5-19,500107
Albania,20-49,1162743
Albania,50-64,530645
Albania,65+,464476
Algeria,0-4,4696912
Algeria,5-19,13052315
Algeria,20-49,19656224
Algeria,50-64,6081967
Algeria,65+,3009676
Andorra,0-4,2443
Andorra,5-19,11678
Andorra,20-49,34837
Andorra,50-64,19712
Andorra,65+,12747
Angola,0-4,6284646
Angola,5-19,14242255
Angola,20-49,13139647
Angola,50-64,2589901
Angola,65+,1056406
Antigua_and_Barbuda,0-4,5463
Antigua_and_Barbuda,5-19,17815
Antigua_and_Barbuda,20-49,40963
Antigua_and_Barbuda,50-64,18541
Antigua_and_Barbuda,65+,10767
Argentina,0-4,2661627
Argentina,5-19,10862783
Argentina,20-49,19793324
Argentina,50-64,6686170
Argentina,65+,5613872
Armenia,0-4,178230
Armenia,5-19,587819
Armenia,20-49,1281071
Armenia,50-64,539232
Armenia,65+,398086
Australia,0-4,1702915
Australia,5-19,5240619
Australia,20-49,11259925
Australia,50-64,4924317
Australia,65+,3453627
Australia_Australian_Capital_Territory,0-4,31425
Australia_Australian_Capital_Territory,5-19,83619
Australia_Australian_Capital_Territory,20-49,205129
Australia_Australian_Capital_Territory,50-64,77714
Australia_Australian_Capital_Territory,65+,43562
Australia_New_South_Wales,0-4,594663
Australia_New_South_Wales,5-19,1669944
Australia_New_South_Wales,20-49,3545165
Australia_New_South_Wales,50-64,1585626
Australia_New_South_Wales,65+,1154111
Australia_Northern_Territory,0-4,21279
Australia_Northern_Territory,5-19,57063
Australia_Northern_Territory,20-49,123563
Australia_Northern_Territory,50-64,44002
Australia_Northern_Territory,65+,15997
Australia_Queensland,0-4,363284
Australia_Queensland,5-19,1096390
Australia_Queensland,20-49,2249438
Australia_Queensland,50-64,978612
Australia_Queensland,65+,667079
Australia_South_Australia,0-4,120579
Australia_South_Australia,5-19,374702
Australia_South_Australia,20-49,802651
Australia_South_Australia,50-64,385863
Australia_South_Australia,65+,289370
Australia_Tasmania,0-4,39642
Australia_Tasmania,5-19,122753
Australia_Tasmania,20-49,232468
Australia_Tasmania,50-64,126289
Australia_Tasmania,65+,91010
Australia_Victoria,0-4,452998
Australia_Victoria,5-19,1268116
Australia_Victoria,20-49,2856973
Australia_Victoria,50-64,1194358
Australia_Victoria,65+,844586
Australia_Western_Australia,0-4,214593
Australia_Western_Australia,5-19,623348
Australia_Western_Australia,20-49,1315668
Australia_Western_Australia,50-64,551080
Australia_Western_Australia,65+,353399
Austria,0-4,419769
Austria,5-19,1319926
Austria,20-49,3493088
Austria,50-64,2033019
Austria,65+,1858952
Azerbaijan,0-4,669400
Azerbaijan,5-19,2352818
Azerbaijan,20-49,4643183
Azerbaijan,50-64,1787816
Azerbaijan,65+,851571
Bahamas,0-4,21791
Bahamas,5-19,79202
Bahamas,20-49,178810
Bahamas,50-64,74018
Bahamas,65+,46544
Bahrain,0-4,94642
Bahrain,5-19,291535
Bahrain,20-49,944692
Bahrain,50-64,197011
Bahrain,65+,59922
Bangladesh,0-4,16607379
Bangladesh,5-19,49109373
Bangladesh,20-49,76722556
Bangladesh,50-64,19004779
Bangladesh,65+,11063380
Barbados,0-4,15754
Barbados,5-19,51430
Barbados,20-49,111226
Barbados,50-64,57963
Barbados,65+,46001
Belarus,0-4,385222
Belarus,5-19,1588826
Belarus,20-49,3653166
Belarus,50-64,1881276
Belarus,65+,1577406
Belgium,0-4,573542
Belgium,5-19,1993561
Belgium,20-49,4412658
Belgium,50-64,2360441
Belgium,65+,2387480
Belize,0-4,35437
Belize,5-19,114292
Belize,20-49,196832
Belize,50-64,47145
Belize,65+,20390
Benin,0-4,2187994
Benin,5-19,5287018
Benin,20-49,5331621
Benin,50-64,1038104
Benin,65+,443165
Bhutan,0-4,48410
Bhutan,5-19,187156
Bhutan,20-49,410779
Bhutan,50-64,92022
Bhutan,65+,50737
Bolivia,0-4,1251887
Bolivia,5-19,3616264
Bolivia,20-49,5439874
Bolivia,50-64,1331155
Bolivia,65+,689644
Bosnia_and_Herzegovina,0-4,128523
Bosnia_and_Herzegovina,5-19,453504
Bosnia_and_Herzegovina,20-49,1199301
Bosnia_and_Herzegovina,50-64,698132
Bosnia_and_Herzegovina,65+,696219
Botswana,0-4,295823
Botswana,5-19,755971
Botswana,20-49,1135296
Botswana,50-64,213164
Botswana,65+,100297
Brazil,0-4,13218241
Brazil,5-19,43651312
Brazil,20-49,96265908
Brazil,50-64,35514607
Brazil,65+,22924390
Brunei,0-4,31332
Brunei,5-19,97204
Brunei,20-49,230628
Brunei,50-64,70897
Brunei,65+,30807
Bulgaria,0-4,307769
Bulgaria,5-19,1012662
Bulgaria,20-49,2564085
Bulgaria,50-64,1406812
Bulgaria,65+,1486893
Burkina_Faso,0-4,3351468
Burkina_Faso,5-19,9096473
Burkina_Faso,20-49,8705776
Burkina_Faso,50-64,1518357
Burkina_Faso,65+,613842
Burundi,0-4,2177816
Burundi,5-19,5646406
Burundi,20-49,4941227
Burundi,50-64,759466
Burundi,65+,349986
Cabo_Verde,0-4,37433
Cabo_Verde,5-19,146318
Cabo_Verde,20-49,240150
Cabo_Verde,50-64,64563
Cabo_Verde,65+,35149
Cambodia,0-4,1809979
Cambodia,5-19,5060063
Cambodia,20-49,7536149
Cambodia,50-64,2064256
Cambodia,65+,1062635
Cameroon,0-4,4417355
Cameroon,5-19,10642691
Cameroon,20-49,10941036
Cameroon,50-64,1946123
Cameroon,65+,800335
Canada,0-4,2220875
Canada,5-19,6975641
Canada,20-49,16420755
Canada,50-64,8386170
Canada,65+,5535000
Canada_Alberta,0-4,286915
Canada_Alberta,5-19,796940
Canada_Alberta,20-49,1942847
Canada_Alberta,50-64,823164
Canada_Alberta,65+,455418
Canada_British_Columbia,0-4,256717
Canada_British_Columbia,5-19,863151
Canada_British_Columbia,20-49,2135974
Canada_British_Columbia,50-64,1140728
Canada_British_Columbia,65+,800188
Canada_Manitoba,0-4,90196
Canada_Manitoba,5-19,277079
Canada_Manitoba,20-49,578277
Canada_Manitoba,50-64,289752
Canada_Manitoba,65+,191712
Canada_New_Brunswick,0-4,42678
Canada_New_Brunswick,5-19,148116
Canada_New_Brunswick,20-49,353620
Canada_New_Brunswick,50-64,208077
Canada_New_Brunswick,65+,134660
Canada_Newfoundland_and_Labrador,0-4,29048
Canada_Newfoundland_and_Labrador,5-19,94471
Canada_Newfoundland_and_Labrador,20-49,242453
Canada_Newfoundland_and_Labrador,50-64,148838
Canada_Newfoundland_and_Labrador,65+,92856
Canada_Northwest_Territories,0-4,4221
Canada_Northwest_Territories,5-19,10569
Canada_Northwest_Territories,20-49,22476
Canada_Northwest_Territories,50-64,8477
Canada_Northwest_Territories,65+,3182
Canada_Nova_Scotia,0-4,51623
Canada_Nova_Scotia,5-19,177547
Canada_Nova_Scotia,20-49,424842
Canada_Nova_Scotia,50-64,258025
Canada_Nova_Scotia,65+,176549
Canada_Nunavut,0-4,4287
Canada_Nunavut,5-19,10643
Canada_Nunavut,20-49,16036
Canada_Nunavut,50-64,4844
Canada_Nunavut,65+,1826
Canada_Ontario,0-4,836734
Canada_Ontario,5-19,2775659
Canada_Ontario,20-49,6321518
Canada_Ontario,50-64,3133403
Canada_Ontario,65+,2111608
Canada_Prince_Edward_Island,0-4,8793
Canada_Prince_Edward_Island,5-19,30004
Canada_Prince_Edward_Island,20-49,63261
Canada_Prince_Edward_Island,50-64,38185
Canada_Prince_Edward_Island,65+,25302
Canada_Quebec,0-4,530164
Canada_Quebec,5-19,1549305
Canada_Quebec,20-49,3814424
Canada_Quebec,50-64,2074531
Canada_Quebec,65+,1365570
Canada_Saskatchewan,0-4,76982
Canada_Saskatchewan,5-19,235079
Canada_Saskatchewan,20-49,486096
Canada_Saskatchewan,50-64,249636
Canada_Saskatchewan,65+,172666
Canada_Yukon,0-4,2833
Canada_Yukon,5-19,6893
Canada_Yukon,20-49,18715
Canada_Yukon,50-64,8484
Canada_Yukon,65+,3067
Central_African_Republic,0-4,964057
Central_African_Republic,5-19,2254782
Central_African_Republic,20-49,1624299
Central_African_Republic,50-64,285745
Central_African_Republic,65+,111366
Chad,0-4,3612098
Chad,5-19,7748385
Chad,20-49,6913554
Chad,50-64,1181778
Chad,65+,414627
Chile,0-4,955729
Chile,5-19,3640085
Chile,20-49,8841392
Chile,50-64,3534969
Chile,65+,2742256
China,0-4,81625508
China,5-19,241735112
China,20-49,731334251
China,50-64,237450937
China,65+,128763072
China_Anhui,0-4,3742842
China_Anhui,5-19,11072000
China_Anhui,20-49,31717902
China_Anhui,50-64,9972577
China_Anhui,65+,6600730
China_Beijing,0-4,797404
China_Beijing,5-19,2296981
China_Beijing,20-49,12429150
China_Beijing,50-64,3525043
China_Beijing,65+,1752208
China_Chongqing,0-4,1497095
China_Chongqing,5-19,5288299
China_Chongqing,20-49,14274038
China_Chongqing,50-64,5879991
China_Chongqing,65+,3654720
China_Fujian,0-4,2317672
China_Fujian,5-19,6571679
China_Fujian,20-49,21381635
China_Fujian,50-64,5753283
China_Fujian,65+,3105604
China_Gansu,0-4,1517900
China_Gansu,5-19,5681987
China_Gansu,20-49,13678280
China_Gansu,50-64,3991389
China_Gansu,65+,2255455
China_Guangdong,0-4,6243860
China_Guangdong,5-19,22359370
China_Guangdong,20-49,61069483
China_Guangdong,50-64,13337737
China_Guangdong,65+,7613152
China_Guangxi,0-4,3740020
China_Guangxi,5-19,9686654
China_Guangxi,20-49,23635060
China_Guangxi,50-64,7152418
China_Guangxi,65+,4601540
China_Guizhou,0-4,2442107
China_Guizhou,5-19,8268003
China_Guizhou,20-49,17246454
China_Guizhou,50-64,5494339
China_Guizhou,65+,3401073
China_Hainan,0-4,653061
China_Hainan,5-19,1919661
China_Hainan,20-49,4664802
China_Hainan,50-64,1208535
China_Hainan,65+,750885
China_Hebei,0-4,5129499
China_Hebei,5-19,12416870
China_Hebei,20-49,38228647
China_Hebei,50-64,13995792
China_Hebei,65+,6437544
China_Heilongjiang,0-4,1479180
China_Heilongjiang,5-19,5752714
China_Heilongjiang,20-49,22089537
China_Heilongjiang,50-64,7969700
China_Heilongjiang,65+,3342674
China_Henan,0-4,7484385
China_Henan,5-19,19347773
China_Henan,20-49,48258363
China_Henan,50-64,16016432
China_Henan,65+,8614170
China_Hubei,0-4,3151466
China_Hubei,5-19,10083572
China_Hubei,20-49,31073757
China_Hubei,50-64,10856383
China_Hubei,65+,5540987
China_Hunan,0-4,4420239
China_Hunan,5-19,11831165
China_Hunan,20-49,34903200
China_Hunan,50-64,11630568
China_Hunan,65+,6878778
China_Inner_Mongolia,0-4,1184022
China_Inner_Mongolia,5-19,4084403
China_Inner_Mongolia,20-49,14351398
China_Inner_Mongolia,50-64,4584806
China_Inner_Mongolia,65+,1998790
China_Jiangsu,0-4,3907790
China_Jiangsu,5-19,12375026
China_Jiangsu,20-49,42610436
China_Jiangsu,50-64,15386051
China_Jiangsu,65+,9147161
China_Jiangxi,0-4,3713768
China_Jiangxi,5-19,9738694
China_Jiangxi,20-49,23166188
China_Jiangxi,50-64,6984205
China_Jiangxi,65+,3665259
China_Jilin,0-4,1137947
China_Jilin,5-19,4085814
China_Jilin,20-49,15667058
China_Jilin,50-64,5814543
China_Jilin,65+,2421041
China_Liaoning,0-4,1563027
China_Liaoning,5-19,6151763
China_Liaoning,20-49,23706992
China_Liaoning,50-64,10178069
China_Liaoning,65+,4797347
China_Ningxia,0-4,453447
China_Ningxia,5-19,1383055
China_Ningxia,20-49,3525923
China_Ningxia,50-64,878023
China_Ningxia,65+,442707
China_Qinghai,0-4,402554
China_Qinghai,5-19,1304534
China_Qinghai,20-49,3170791
China_Qinghai,50-64,709914
China_Qinghai,65+,379853
China_Shaanxi,0-4,2023773
China_Shaanxi,5-19,7109183
China_Shaanxi,20-49,20265955
China_Shaanxi,50-64,6805718
China_Shaanxi,65+,3384654
China_Shandong,0-4,5452999
China_Shandong,5-19,14971155
China_Shandong,20-49,52058760
China_Shandong,50-64,18930174
China_Shandong,65+,10184761
China_Shanghai,0-4,878896
China_Shanghai,5-19,2522219
China_Shanghai,20-49,13693249
China_Shanghai,50-64,4926021
China_Shanghai,65+,2393624
China_Shanxi,0-4,2018259
China_Shanxi,5-19,7317479
China_Shanxi,20-49,19300124
China_Shanxi,50-64,6287167
China_Shanxi,65+,2953103
China_Sichuan,0-4,4331474
China_Sichuan,5-19,15428248
China_Sichuan,20-49,40755287
China_Sichuan,50-64,15320811
China_Sichuan,65+,9455487
China_Tianjin,0-4,555292
China_Tianjin,5-19,1707507
China_Tianjin,20-49,7639323
China_Tianjin,50-64,2660209
China_Tianjin,65+,1159883
China_Tibet,0-4,262955
China_Tibet,5-19,795630
China_Tibet,20-49,1650165
China_Tibet,50-64,313126
China_Tibet,65+,162174
China_Xinjiang,0-4,1696681
China_Xinjiang,5-19,4514097
China_Xinjiang,20-49,12588836
China_Xinjiang,50-64,2802590
China_Xinjiang,65+,1532920
China_Yunnan,0-4,3190783
China_Yunnan,5-19,10393673
China_Yunnan,20-49,25076188
China_Yunnan,50-64,6346960
China_Yunnan,65+,3744034
China_Zhejiang,0-4,2399288
China_Zhejiang,5-19,8368192
China_Zhejiang,20-49,31439732
China_Zhejiang,50-64,10025905
China_Zhejiang,65+,5491870
Colombia,0-4,3552763
Colombia,5-19,11194411
Colombia,20-49,24427016
Colombia,50-64,8400540
Colombia,65+,5034971
Comoros,0-4,114498
Comoros,5-19,291500
Comoros,20-49,339164
Comoros,50-64,74859
Comoros,65+,38486
Congo,0-4,891045
Congo,5-19,2313624
Congo,20-49,2345102
Congo,50-64,523328
Congo,65+,184528
Costa_Rica,0-4,276496
Costa_Rica,5-19,1060085
Costa_Rica,20-49,2308848
Costa_Rica,50-64,860218
Costa_Rica,65+,612427
Cote_dIvoire,0-4,4613889
Cote_dIvoire,5-19,11667241
Cote_dIvoire,20-49,12265465
Cote_dIvoire,50-64,2184968
Cote_dIvoire,65+,816225
Croatia,0-4,167592
Croatia,5-19,582863
Croatia,20-49,1418468
Croatia,50-64,826869
Croatia,65+,893543
Cuba,0-4,494938
Cuba,5-19,1782174
Cuba,20-49,4202746
Cuba,50-64,2720350
Cuba,65+,1800384
Cyprus,0-4,74272
Cyprus,5-19,209451
Cyprus,20-49,633400
Cyprus,50-64,239237
Cyprus,65+,195476
Czech_Republic,0-4,534749
Czech_Republic,5-19,1715129
Czech_Republic,20-49,4256884
Czech_Republic,50-64,2051818
Czech_Republic,65+,2232973
Democratic_Republic_of_the_Congo,0-4,19535193
Democratic_Republic_of_the_Congo,5-19,41168796
Democratic_Republic_of_the_Congo,20-49,36396346
Democratic_Republic_of_the_Congo,50-64,7113194
Democratic_Republic_of_the_Congo,65+,3302620
Denmark,0-4,307091
Denmark,5-19,982590
Denmark,20-49,2256106
Denmark,50-64,1180601
Denmark,65+,1237514
Djibouti,0-4,114562
Djibouti,5-19,341681
Djibouti,20-49,520244
Djibouti,50-64,128757
Djibouti,65+,55627
Dominican_Republic,0-4,998755
Dominican_Republic,5-19,3016762
Dominican_Republic,20-49,4944134
Dominican_Republic,50-64,1541191
Dominican_Republic,65+,879146
Ecuador,0-4,1388446
Ecuador,5-19,4651355
Ecuador,20-49,8177391
Ecuador,50-64,2356759
Ecuador,65+,1484206
Egypt,0-4,11751272
Egypt,5-19,36092790
Egypt,20-49,48862925
Egypt,50-64,13047186
Egypt,65+,5824236
El_Salvador,0-4,494400
El_Salvador,5-19,1647114
El_Salvador,20-49,2880143
El_Salvador,50-64,791932
El_Salvador,65+,510394
Equatorial_Guinea,0-4,253686
Equatorial_Guinea,5-19,622070
Equatorial_Guinea,20-49,753245
Equatorial_Guinea,50-64,172321
Equatorial_Guinea,65+,68295
Eritrea,0-4,464330
Eritrea,5-19,1304792
Eritrea,20-49,1296958
Eritrea,50-64,289522
Eritrea,65+,146177
Estonia,0-4,65239
Estonia,5-19,226459
Estonia,20-49,522702
Estonia,50-64,264767
Estonia,65+,288057
Eswatini,0-4,141918
Eswatini,5-19,401669
Eswatini,20-49,539573
Eswatini,50-64,101080
Eswatini,65+,52065
Ethiopia,0-4,19244820
Ethiopia,5-19,46389197
Ethiopia,20-49,50966355
Ethiopia,50-64,9586245
Ethiopia,65+,4168407
Fiji,0-4,82116
Fiji,5-19,251531
Fiji,20-49,408243
Fiji,50-64,125225
Fiji,65+,59428
Finland,0-4,234565
Finland,5-19,908447
Finland,20-49,2087614
Finland,50-64,1048457
Finland,65+,1332961
France,0-4,3373587
France,5-19,11805868
France,20-49,23876509
France,50-64,12844773
France,65+,14595422
Gabon,0-4,331971
Gabon,5-19,819061
Gabon,20-49,1037531
Gabon,50-64,221307
Gabon,65+,101991
Gambia,0-4,385997
Gambia,5-19,1019215
Gambia,20-49,1029982
Gambia,50-64,211135
Gambia,65+,82576
Georgia,0-4,236913
Georgia,5-19,787473
Georgia,20-49,1495472
Georgia,50-64,698941
Georgia,65+,589040
Germany,0-4,3873628
Germany,5-19,11762255
Germany,20-49,30447583
Germany,50-64,19153433
Germany,65+,19458664
Ghana,0-4,4237717
Ghana,5-19,11514646
Ghana,20-49,13986908
Ghana,50-64,3117699
Ghana,65+,1251487
Greece,0-4,387794
Greece,5-19,1499012
Greece,20-49,3655256
Greece,50-64,2197500
Greece,65+,2396958
Guatemala,0-4,1864549
Guatemala,5-19,5845420
Guatemala,20-49,8124003
Guatemala,50-64,1556058
Guatemala,65+,875162
Guinea,0-4,2208605
Guinea,5-19,5361002
Guinea,20-49,5497621
Guinea,50-64,1011682
Guinea,65+,502629
Guinea-Bissau,0-4,298761
Guinea-Bissau,5-19,787801
Guinea-Bissau,20-49,866531
Guinea-Bissau,50-64,155315
Guinea-Bissau,65+,68979
Guyana,0-4,82707
Guyana,5-19,231350
Guyana,20-49,349324
Guyana,50-64,110460
Guyana,65+,54790
Haiti,0-4,1233117
Haiti,5-19,3599606
Haiti,20-49,5163454
Haiti,50-64,1163352
Haiti,65+,545666
Honduras,0-4,1140819
Honduras,5-19,3228828
Honduras,20-49,4897761
Honduras,50-64,1000457
Honduras,65+,467525
Hong_Kong,0-4,220257
Hong_Kong,5-19,849930
Hong_Kong,20-49,2934543
Hong_Kong,50-64,1782144
Hong_Kong,65+,1646204
Hungary,0-4,458865
Hungary,5-19,1440684
Hungary,20-49,3884094
Hungary,50-64,1878600
Hungary,65+,2027477
Iceland,0-4,23324
Iceland,5-19,71274
Iceland,20-49,169107
Iceland,50-64,66545
Iceland,65+,60489
India,0-4,137425002
India,5-19,463424076
India,20-49,617657329
India,50-64,154121371
India,65+,71808424
India_Andaman_and_Nicobar_Islands,0-4,33321
India_Andaman_and_Nicobar_Islands,5-19,114578
India_Andaman_and_Nicobar_Islands,20-49,234391
India_Andaman_and_Nicobar_Islands,50-64,54561
India_Andaman_and_Nicobar_Islands,65+,17106
India_Andhra_Pradesh,0-4,7755591
India_Andhra_Pradesh,5-19,28595317
India_Andhra_Pradesh,20-49,47962355
India_Andhra_Pradesh,50-64,11847757
India_Andhra_Pradesh,65+,4735857
India_Arunachal_Pradesh,0-4,172768
India_Arunachal_Pradesh,5-19,616557
India_Arunachal_Pradesh,20-49,694814
India_Arunachal_Pradesh,50-64,121760
India_Arunachal_Pradesh,65+,44713
India_Assam,0-4,3793607
India_Assam,5-19,11984475
India_Assam,20-49,16257139
India_Assam,50-64,3439721
India_Assam,65+,1750337
India_Bihar,0-4,15126086
India_Bihar,5-19,45657607
India_Bihar,20-49,46457133
India_Bihar,50-64,11606510
India_Bihar,65+,5333487
India_Chhattisgarh,0-4,2956349
India_Chhattisgarh,5-19,10018953
India_Chhattisgarh,20-49,12934903
India_Chhattisgarh,50-64,3198014
India_Chhattisgarh,65+,1364760
India_Daman_and_Diu,0-4,22520
India_Daman_and_Diu,5-19,73462
India_Daman_and_Diu,20-49,164924
India_Daman_and_Diu,50-64,19919
India_Daman_and_Diu,65+,9309
India_Goa,0-4,120274
India_Goa,5-19,394136
India_Goa,20-49,859902
India_Goa,50-64,245274
India_Goa,65+,120273
India_Gujarat,0-4,6519585
India_Gujarat,5-19,21472297
India_Gujarat,20-49,32946656
India_Gujarat,50-64,7857055
India_Gujarat,65+,3303241
India_Haryana,0-4,2829941
India_Haryana,5-19,9897771
India_Haryana,20-49,12981996
India_Haryana,50-64,2971729
India_Haryana,65+,1560433
India_Himachal_Pradesh,0-4,641527
India_Himachal_Pradesh,5-19,2268490
India_Himachal_Pradesh,20-49,3743793
India_Himachal_Pradesh,50-64,1023466
India_Himachal_Pradesh,65+,511503
India_Jammu_and_Kashmir,0-4,1649769
India_Jammu_and_Kashmir,5-19,4748535
India_Jammu_and_Kashmir,20-49,6402077
India_Jammu_and_Kashmir,50-64,1438796
India_Jammu_and_Kashmir,65+,721376
India_Jharkhand,0-4,4334358
India_Jharkhand,5-19,13630088
India_Jharkhand,20-49,15782727
India_Jharkhand,50-64,3995130
India_Jharkhand,65+,1609402
India_Karnataka,0-4,5990485
India_Karnataka,5-19,20293088
India_Karnataka,20-49,34402078
India_Karnataka,50-64,8244385
India_Karnataka,65+,3950874
India_Kerala,0-4,2973118
India_Kerala,5-19,9525940
India_Kerala,20-49,18146692
India_Kerala,50-64,6010337
India_Kerala,65+,3194162
India_Madhya_Pradesh,0-4,8922998
India_Madhya_Pradesh,5-19,28763671
India_Madhya_Pradesh,20-49,36154283
India_Madhya_Pradesh,50-64,8539703
India_Madhya_Pradesh,65+,4256263
India_Maharashtra,0-4,11049443
India_Maharashtra,5-19,37096491
India_Maharashtra,20-49,62427476
India_Maharashtra,50-64,16311421
India_Maharashtra,65+,7167151
India_Manipur,0-4,206
India_Manipur,5-19,741
India_Manipur,20-49,1060
India_Manipur,50-64,238
India_Manipur,65+,104
India_Meghalaya,0-4,482688
India_Meghalaya,5-19,1312081
India_Meghalaya,20-49,1368382
India_Meghalaya,50-64,270827
India_Meghalaya,65+,105200
India_Mizoram,0-4,141898
India_Mizoram,5-19,416626
India_Mizoram,20-49,572438
India_Mizoram,50-64,117975
India_Mizoram,65+,59883
India_Nagaland,0-4,249161
India_Nagaland,5-19,859479
India_Nagaland,20-49,992530
India_Nagaland,50-64,170683
India_Nagaland,65+,88274
India_Nct_of_Delhi,0-4,1705791
India_Nct_of_Delhi,5-19,5830925
India_Nct_of_Delhi,20-49,9775400
India_Nct_of_Delhi,50-64,1933207
India_Nct_of_Delhi,65+,781074
India_Odisha,0-4,4444590
India_Odisha,5-19,14903890
India_Odisha,20-49,22213343
India_Odisha,50-64,5706786
India_Odisha,65+,2802648
India_Puducherry,0-4,111620
India_Puducherry,5-19,373050
India_Puducherry,20-49,726367
India_Puducherry,50-64,189831
India_Puducherry,65+,87782
India_Punjab,0-4,2502226
India_Punjab,5-19,9508484
India_Punjab,20-49,15201447
India_Punjab,50-64,3704757
India_Punjab,65+,2178238
India_Rajasthan,0-4,8921872
India_Rajasthan,5-19,28582077
India_Rajasthan,20-49,32798986
India_Rajasthan,50-64,7773072
India_Rajasthan,65+,3695796
India_Sikkim,0-4,51629
India_Sikkim,5-19,229191
India_Sikkim,20-49,342756
India_Sikkim,50-64,72910
India_Sikkim,65+,31833
India_Tamil_Nadu,0-4,6328765
India_Tamil_Nadu,5-19,21269137
India_Tamil_Nadu,20-49,41820587
India_Tamil_Nadu,50-64,11777726
India_Tamil_Nadu,65+,4868372
India_Tripura,0-4,383335
India_Tripura,5-19,1248139
India_Tripura,20-49,2096062
India_Tripura,50-64,420417
India_Tripura,65+,234642
India_Uttar_Pradesh,0-4,24437991
India_Uttar_Pradesh,5-19,89301137
India_Uttar_Pradesh,20-49,90740310
India_Uttar_Pradesh,50-64,22812894
India_Uttar_Pradesh,65+,11064982
India_Uttarakhand,0-4,1120134
India_Uttarakhand,5-19,3953097
India_Uttarakhand,20-49,5010930
India_Uttarakhand,50-64,1377172
India_Uttarakhand,65+,570623
India_West_Bengal,0-4,8940499
India_West_Bengal,5-19,31391122
India_West_Bengal,20-49,49911382
India_West_Bengal,50-64,12577462
India_West_Bengal,65+,6063326
Indonesia,0-4,22284711
Indonesia,5-19,70866787
Indonesia,20-49,125415658
Indonesia,50-64,43557148
Indonesia,65+,20229339
Iran,0-4,6079583
Iran,5-19,20829842
Iran,20-49,43693859
Iran,50-64,13157109
Iran,65+,7354383
Iraq,0-4,5583246
Iraq,5-19,15918998
Iraq,20-49,18543990
Iraq,50-64,3963778
Iraq,65+,1547889
Ireland,0-4,289730
Ireland,5-19,1043305
Ireland,20-49,2115272
Ireland,50-64,956350
Ireland,65+,822765
Israel,0-4,872748
Israel,5-19,2430563
Israel,20-49,3611194
Israel,50-64,1243443
Israel,65+,1163867
Italy,0-4,2042699
Italy,5-19,7997107
Italy,20-49,20936936
Italy,50-64,13953616
Italy,65+,14504782
Jamaica,0-4,164585
Jamaica,5-19,597990
Jamaica,20-49,1393638
Jamaica,50-64,455425
Jamaica,65+,228183
Japan,0-4,4927197
Japan,5-19,16818680
Japan,20-49,46684042
Japan,50-64,23915234
Japan,65+,31725979
Japan_Aichi-ken,0-4,315608
Japan_Aichi-ken,5-19,1041749
Japan_Aichi-ken,20-49,2893513
Japan_Aichi-ken,50-64,1280010
Japan_Aichi-ken,65+,1647527
Japan_Akita-ken,0-4,31225
Japan_Akita-ken,5-19,125185
Japan_Akita-ken,20-49,315694
Japan_Akita-ken,50-64,240630
Japan_Akita-ken,65+,339430
Japan_Aomori-ken,0-4,44659
Japan_Aomori-ken,5-19,173924
Japan_Aomori-ken,20-49,434526
Japan_Aomori-ken,50-64,295832
Japan_Aomori-ken,65+,381291
Japan_Chiba-ken,0-4,228553
Japan_Chiba-ken,5-19,807105
Japan_Chiba-ken,20-49,2341263
Japan_Chiba-ken,50-64,1139632
Japan_Chiba-ken,65+,1506947
Japan_Ehime-ken,0-4,52841
Japan_Ehime-ken,5-19,184531
Japan_Ehime-ken,20-49,457582
Japan_Ehime-ken,50-64,283223
Japan_Ehime-ken,65+,408251
Japan_Fukui-ken,0-4,31411
Japan_Fukui-ken,5-19,112262
Japan_Fukui-ken,20-49,267012
Japan_Fukui-ken,50-64,156680
Japan_Fukui-ken,65+,214475
Japan_Fukuoka-ken,0-4,216110
Japan_Fukuoka-ken,5-19,696114
Japan_Fukuoka-ken,20-49,1842869
Japan_Fukuoka-ken,50-64,952638
Japan_Fukuoka-ken,65+,1207363
Japan_Fukushima-ken,0-4,69200
Japan_Fukushima-ken,5-19,265285
Japan_Fukushima-ken,20-49,653564
Japan_Fukushima-ken,50-64,435286
Japan_Fukushima-ken,65+,542488
Japan_Gifu-ken,0-4,79696
Japan_Gifu-ken,5-19,292041
Japan_Gifu-ken,20-49,707751
Japan_Gifu-ken,50-64,389395
Japan_Gifu-ken,65+,547314
Japan_Gumma-ken,0-4,73995
Japan_Gumma-ken,5-19,276015
Japan_Gumma-ken,20-49,701615
Japan_Gumma-ken,50-64,381782
Japan_Gumma-ken,65+,512067
Japan_Hiroshima-ken,0-4,119366
Japan_Hiroshima-ken,5-19,389061
Japan_Hiroshima-ken,20-49,1011351
Japan_Hiroshima-ken,50-64,517867
Japan_Hiroshima-ken,65+,734286
Japan_Hokkaido,0-4,189507
Japan_Hokkaido,5-19,669280
Japan_Hokkaido,20-49,1882077
Japan_Hokkaido,50-64,1122749
Japan_Hokkaido,65+,1472946
Japan_Hyogo-ken,0-4,216260
Japan_Hyogo-ken,5-19,758571
Japan_Hyogo-ken,20-49,1986034
Japan_Hyogo-ken,50-64,1035271
Japan_Hyogo-ken,65+,1418906
Japan_Ibaraki-ken,0-4,107437
Japan_Ibaraki-ken,5-19,398631
Japan_Ibaraki-ken,20-49,1046539
Japan_Ibaraki-ken,50-64,584066
Japan_Ibaraki-ken,65+,739892
Japan_Ishikawa-ken,0-4,45564
Japan_Ishikawa-ken,5-19,161258
Japan_Ishikawa-ken,20-49,411093
Japan_Ishikawa-ken,50-64,214751
Japan_Ishikawa-ken,65+,300884
Japan_Iwate-ken,0-4,45193
Japan_Iwate-ken,5-19,169920
Japan_Iwate-ken,20-49,420961
Japan_Iwate-ken,50-64,278534
Japan_Iwate-ken,65+,374933
Japan_Kagawa-ken,0-4,37525
Japan_Kagawa-ken,5-19,131486
Japan_Kagawa-ken,20-49,331140
Japan_Kagawa-ken,50-64,188125
Japan_Kagawa-ken,65+,276688
Japan_Kagoshima-ken,0-4,73296
Japan_Kagoshima-ken,5-19,230803
Japan_Kagoshima-ken,20-49,526052
Japan_Kagoshima-ken,50-64,361485
Japan_Kagoshima-ken,65+,461240
Japan_Kanagawa-ken,0-4,354230
Japan_Kanagawa-ken,5-19,1183508
Japan_Kanagawa-ken,20-49,3610482
Japan_Kanagawa-ken,50-64,1606490
Japan_Kanagawa-ken,65+,2013634
Japan_Kochi-ken,0-4,26557
Japan_Kochi-ken,5-19,94621
Japan_Kochi-ken,20-49,237307
Japan_Kochi-ken,50-64,151384
Japan_Kochi-ken,65+,231284
Japan_Kumamoto-ken,0-4,78018
Japan_Kumamoto-ken,5-19,250026
Japan_Kumamoto-ken,20-49,589354
Japan_Kumamoto-ken,50-64,364089
Japan_Kumamoto-ken,65+,478930
Japan_Kyoto-fu,0-4,96056
Japan_Kyoto-fu,5-19,346383
Japan_Kyoto-fu,20-49,969534
Japan_Kyoto-fu,50-64,460376
Japan_Kyoto-fu,65+,682552
Japan_Mie-ken,0-4,71024
Japan_Mie-ken,5-19,252057
Japan_Mie-ken,20-49,643044
Japan_Mie-ken,50-64,349638
Japan_Mie-ken,65+,481474
Japan_Miyagi-ken,0-4,86953
Japan_Miyagi-ken,5-19,310729
Japan_Miyagi-ken,20-49,849165
Japan_Miyagi-ken,50-64,465202
Japan_Miyagi-ken,65+,562840
Japan_Miyazaki-ken,0-4,48555
Japan_Miyazaki-ken,5-19,157314
Japan_Miyazaki-ken,20-49,353571
Japan_Miyazaki-ken,50-64,233130
Japan_Miyazaki-ken,65+,307067
Japan_Nagano-ken,0-4,79767
Japan_Nagano-ken,5-19,291657
Japan_Nagano-ken,20-49,703609
Japan_Nagano-ken,50-64,407737
Japan_Nagano-ken,65+,603188
Japan_Nagasaki-ken,0-4,57340
Japan_Nagasaki-ken,5-19,192993
Japan_Nagasaki-ken,20-49,442959
Japan_Nagasaki-ken,50-64,300096
Japan_Nagasaki-ken,65+,389166
Japan_Nara-ken,0-4,50816
Japan_Nara-ken,5-19,189762
Japan_Nara-ken,20-49,474146
Japan_Nara-ken,50-64,265199
Japan_Nara-ken,65+,376474
Japan_Niigata-ken,0-4,83499
Japan_Niigata-ken,5-19,304664
Japan_Niigata-ken,20-49,779954
Japan_Niigata-ken,50-64,475898
Japan_Niigata-ken,65+,657038
Japan_Oita-ken,0-4,47144
Japan_Oita-ken,5-19,157593
Japan_Oita-ken,20-49,385989
Japan_Oita-ken,50-64,233915
Japan_Oita-ken,65+,334096
Japan_Okayama-ken,0-4,77456
Japan_Okayama-ken,5-19,266114
Japan_Okayama-ken,20-49,672788
Japan_Okayama-ken,50-64,350247
Japan_Okayama-ken,65+,517828
Japan_Okinawa-ken,0-4,79892
Japan_Okinawa-ken,5-19,237050
Japan_Okinawa-ken,20-49,516556
Japan_Okinawa-ken,50-64,267244
Japan_Okinawa-ken,65+,248870
Japan_Osaka-fu,0-4,336519
Japan_Osaka-fu,5-19,1173618
Japan_Osaka-fu,20-49,3365667
Japan_Osaka-fu,50-64,1539488
Japan_Osaka-fu,65+,2171868
Japan_Saga-ken,0-4,35737
Japan_Saga-ken,5-19,124102
Japan_Saga-ken,20-49,276859
Japan_Saga-ken,50-64,172399
Japan_Saga-ken,65+,214413
Japan_Saitama-ken,0-4,274773
Japan_Saitama-ken,5-19,955719
Japan_Saitama-ken,20-49,2765207
Japan_Saitama-ken,50-64,1308759
Japan_Saitama-ken,65+,1666604
Japan_Shiga-ken,0-4,62042
Japan_Shiga-ken,5-19,210030
Japan_Shiga-ken,20-49,523149
Japan_Shiga-ken,50-64,252840
Japan_Shiga-ken,65+,318020
Japan_Shimane-ken,0-4,27310
Japan_Shimane-ken,5-19,92146
Japan_Shimane-ken,20-49,217062
Japan_Shimane-ken,50-64,141092
Japan_Shimane-ken,65+,216068
Japan_Shizuoka-ken,0-4,144079
Japan_Shizuoka-ken,5-19,500508
Japan_Shizuoka-ken,20-49,1304288
Japan_Shizuoka-ken,50-64,721121
Japan_Shizuoka-ken,65+,977798
Japan_Tochigi-ken,0-4,75367
Japan_Tochigi-ken,5-19,267476
Japan_Tochigi-ken,20-49,720063
Japan_Tochigi-ken,50-64,396876
Japan_Tochigi-ken,65+,484719
Japan_Tokushima-ken,0-4,27391
Japan_Tokushima-ken,5-19,98183
Japan_Tokushima-ken,20-49,253776
Japan_Tokushima-ken,50-64,158896
Japan_Tokushima-ken,65+,223251
Japan_Tokyo-to,0-4,503385
Japan_Tokyo-to,5-19,1479914
Japan_Tokyo-to,20-49,5700766
Japan_Tokyo-to,50-64,2261182
Japan_Tokyo-to,65+,2807138
Japan_Tottori-ken,0-4,23076
Japan_Tottori-ken,5-19,78151
Japan_Tottori-ken,20-49,189034
Japan_Tottori-ken,50-64,118199
Japan_Tottori-ken,65+,161194
Japan_Toyama-ken,0-4,38084
Japan_Toyama-ken,5-19,141603
Japan_Toyama-ken,20-49,366645
Japan_Toyama-ken,50-64,203507
Japan_Toyama-ken,65+,309103
Japan_Wakayama-ken,0-4,36094
Japan_Wakayama-ken,5-19,129910
Japan_Wakayama-ken,20-49,319371
Japan_Wakayama-ken,50-64,196611
Japan_Wakayama-ken,65+,287821
Japan_Yamagata-ken,0-4,40321
Japan_Yamagata-ken,5-19,150271
Japan_Yamagata-ken,20-49,363165
Japan_Yamagata-ken,50-64,244725
Japan_Yamagata-ken,65+,334102
Japan_Yamaguchi-ken,0-4,53352
Japan_Yamaguchi-ken,5-19,186179
Japan_Yamaguchi-ken,20-49,459739
Japan_Yamaguchi-ken,50-64,277408
Japan_Yamaguchi-ken,65+,429126
Japan_Yamanashi-ken,0-4,30411
Japan_Yamanashi-ken,5-19,117745
Japan_Yamanashi-ken,20-49,287934
Japan_Yamanashi-ken,50-64,170381
Japan_Yamanashi-ken,65+,229631
Jordan,0-4,1161831
Jordan,5-19,3525483
Jordan,20-49,5045130
Jordan,50-64,1289193
Jordan,65+,509306
Kazakhstan,0-4,2123243
Kazakhstan,5-19,5461423
Kazakhstan,20-49,8145013
Kazakhstan,50-64,3000060
Kazakhstan,65+,1734467
Kenya,0-4,7066801
Kenya,5-19,20106945
Kenya,20-49,22824354
Kenya,50-64,4243230
Kenya,65+,1643164
Kiribati,0-4,16296
Kiribati,5-19,42316
Kiribati,20-49,55297
Kiribati,50-64,14043
Kiribati,65+,5573
Kuwait,0-4,262511
Kuwait,5-19,915165
Kuwait,20-49,2845811
Kuwait,50-64,710501
Kuwait,65+,150148
Kyrgyzstan,0-4,777935
Kyrgyzstan,5-19,2138460
Kyrgyzstan,20-49,2922791
Kyrgyzstan,50-64,895808
Kyrgyzstan,65+,395600
Laos,0-4,793759
Laos,5-19,2285234
Laos,20-49,3478905
Laos,50-64,804986
Laos,65+,354789
Latvia,0-4,84795
Latvia,5-19,308845
Latvia,20-49,691741
Latvia,50-64,389704
Latvia,65+,404607
Lebanon,0-4,451111
Lebanon,5-19,1599673
Lebanon,20-49,2261863
Lebanon,50-64,895442
Lebanon,65+,577700
Lesotho,0-4,264625
Lesotho,5-19,781944
Lesotho,20-49,1028038
Lesotho,50-64,160500
Lesotho,65+,89341
Liberia,0-4,777230
Liberia,5-19,2063312
Liberia,20-49,2102610
Liberia,50-64,427499
Liberia,65+,182739
Libya,0-4,637237
Libya,5-19,2068178
Libya,20-49,3283616
Libya,50-64,990065
Libya,65+,363443
Lithuania,0-4,125394
Lithuania,5-19,439656
Lithuania,20-49,1122473
Lithuania,50-64,607763
Lithuania,65+,571526
Luxembourg,0-4,34308
Luxembourg,5-19,106018
Luxembourg,20-49,292579
Luxembourg,50-64,133813
Luxembourg,65+,102486
Macao,0-4,28493
Macao,5-19,101069
Macao,20-49,340786
Macao,50-64,148846
Macao,65+,99672
Madagascar,0-4,4624262
Madagascar,5-19,11192587
Madagascar,20-49,12284045
Madagascar,50-64,2413228
Madagascar,65+,1064267
Malawi,0-4,3104388
Malawi,5-19,8196605
Malawi,20-49,8317635
Malawi,50-64,1204493
Malawi,65+,553010
Malaysia,0-4,2234196
Malaysia,5-19,8377422
Malaysia,20-49,17330124
Malaysia,50-64,4719481
Malaysia,65+,2683018
Maldives,0-4,30150
Maldives,5-19,105664
Maldives,20-49,309955
Maldives,50-64,57438
Maldives,65+,23637
Mali,0-4,4200164
Mali,5-19,9701250
Mali,20-49,8311056
Mali,50-64,1332075
Mali,65+,577800
Malta,0-4,22101
Malta,5-19,70601
Malta,20-49,243441
Malta,50-64,92674
Malta,65+,107576
Mauritania,0-4,807260
Mauritania,5-19,1929251
Mauritania,20-49,1831229
Mauritania,50-64,364656
Mauritania,65+,164123
Mauritius,0-4,60306
Mauritius,5-19,217544
Mauritius,20-49,582110
Mauritius,50-64,244131
Mauritius,65+,168424
Mexico,0-4,10270819
Mexico,5-19,33088095
Mexico,20-49,57843807
Mexico,50-64,18532119
Mexico,65+,10573555
Moldova,0-4,174214
Moldova,5-19,616948
Moldova,20-49,1201928
Moldova,50-64,575296
Moldova,65+,485030
Monaco,0-4,1807
Monaco,5-19,4916
Monaco,20-49,10592
Monaco,50-64,7404
Monaco,65+,14058
Mongolia,0-4,347471
Mongolia,5-19,1033503
Mongolia,20-49,1446104
Mongolia,50-64,454662
Mongolia,65+,172530
Montenegro,0-4,36940
Montenegro,5-19,118855
Montenegro,20-49,248470
Montenegro,50-64,122353
Montenegro,65+,112812
Morocco,0-4,3163599
Morocco,5-19,9791398
Morocco,20-49,16498917
Morocco,50-64,5421775
Morocco,65+,3025593
Mozambique,0-4,5728265
Mozambique,5-19,13200993
Mozambique,20-49,12280975
Mozambique,50-64,1976648
Mozambique,65+,942811
Myanmar,0-4,4416597
Myanmar,5-19,13252495
Myanmar,20-49,24683317
Myanmar,50-64,8059323
Myanmar,65+,3908749
Namibia,0-4,407407
Namibia,5-19,986236
Namibia,20-49,1244988
Namibia,50-64,251212
Namibia,65+,108309
Nepal,0-4,2785247
Nepal,5-19,8671983
Nepal,20-49,13007806
Nepal,50-64,3296730
Nepal,65+,1912184
Netherlands,0-4,889623
Netherlands,5-19,2865369
Netherlands,20-49,6946651
Netherlands,50-64,3773977
Netherlands,65+,3689933
New_Zealand,0-4,297861
New_Zealand,5-19,976616
New_Zealand,20-49,2068948
New_Zealand,50-64,968253
New_Zealand,65+,882635
Nicaragua,0-4,655838
Nicaragua,5-19,1984427
Nicaragua,20-49,3114240
Nicaragua,50-64,740928
Nicaragua,65+,374636
Niger,0-4,4722951
Niger,5-19,10729176
Niger,20-49,8847095
Niger,50-64,1606444
Niger,65+,686772
Nigeria,0-4,33658870
Nigeria,5-19,87009201
Nigeria,20-49,86167791
Nigeria,50-64,16438533
Nigeria,65+,6996745
North_Korea,0-4,1708259
North_Korea,5-19,4957347
North_Korea,20-49,10941989
North_Korea,50-64,5610436
North_Korea,65+,3242283
North_Macedonia,0-4,93209
North_Macedonia,5-19,319199
North_Macedonia,20-49,720053
North_Macedonia,50-64,370444
North_Macedonia,65+,324607
Norway,0-4,275245
Norway,5-19,964952
Norway,20-49,2209962
Norway,50-64,1064929
Norway,65+,1034691
Oman,0-4,423670
Oman,5-19,1152663
Oman,20-49,3042907
Oman,50-64,409328
Oman,65+,136575
Pakistan,0-4,31917719
Pakistan,5-19,86203444
Pakistan,20-49,98870460
Pakistan,50-64,21771957
Pakistan,65+,10572008
Palestine,0-4,718222
Palestine,5-19,1923284
Palestine,20-49,2171049
Palestine,50-64,427784
Palestine,65+,210087
Panama,0-4,356963
Panama,5-19,1133782
Panama,20-49,1920865
Panama,50-64,662839
Panama,65+,413038
Papua_New_Guinea,0-4,1230970
Papua_New_Guinea,5-19,3334873
Papua_New_Guinea,20-49,4530369
Papua_New_Guinea,50-64,1029977
Papua_New_Guinea,65+,356872
Paraguay,0-4,677819
Paraguay,5-19,1882890
Paraguay,20-49,3063028
Paraguay,50-64,818886
Paraguay,65+,444143
Peru,0-4,2688852
Peru,5-19,8429356
Peru,20-49,15174748
Peru,50-64,4641517
Peru,65+,3100416
Philippines,0-4,9363641
Philippines,5-19,34444228
Philippines,20-49,51637796
Philippines,50-64,13724127
Philippines,65+,6201255
Poland,0-4,1735386
Poland,5-19,6034046
Poland,20-49,16146949
Poland,50-64,7115457
Poland,65+,7679898
Portugal,0-4,425718
Portugal,5-19,1431923
Portugal,20-49,3785418
Portugal,50-64,2248969
Portugal,65+,2538623
Puerto_Rico,0-4,96979
Puerto_Rico,5-19,475764
Puerto_Rico,20-49,1203228
Puerto_Rico,50-64,674943
Puerto_Rico,65+,793118
Qatar,0-4,153639
Qatar,5-19,417818
Qatar,20-49,2083087
Qatar,50-64,307693
Qatar,65+,50215
Romania,0-4,941125
Romania,5-19,3162260
Romania,20-49,7307319
Romania,50-64,3864711
Romania,65+,3792421
Russia,0-4,8866984
Russia,5-19,22947632
Russia,20-49,65988244
Russia,50-64,29602705
Russia,65+,17799977
Russia_Adygea,0-4,137
Russia_Adygea,5-19,336
Russia_Adygea,20-49,872
Russia_Adygea,50-64,399
Russia_Adygea,65+,266
Russia_Altai_Krai,0-4,149960
Russia_Altai_Krai,5-19,369795
Russia_Altai_Krai,20-49,1090399
Russia_Altai_Krai,50-64,543931
Russia_Altai_Krai,65+,294747
Russia_Altai_Republic,0-4,19802
Russia_Altai_Republic,5-19,40901
Russia_Altai_Republic,20-49,96075
Russia_Altai_Republic,50-64,36480
Russia_Altai_Republic,65+,15349
Russia_Amur_Oblast,0-4,54606
Russia_Amur_Oblast,5-19,139038
Russia_Amur_Oblast,20-49,391915
Russia_Amur_Oblast,50-64,173157
Russia_Amur_Oblast,65+,81338
Russia_Arkhangelsk_Oblast,0-4,21287
Russia_Arkhangelsk_Oblast,5-19,52530
Russia_Arkhangelsk_Oblast,20-49,159885
Russia_Arkhangelsk_Oblast,50-64,77686
Russia_Arkhangelsk_Oblast,65+,41479
Russia_Astrakhan_Oblast,0-4,71672
Russia_Astrakhan_Oblast,5-19,171647
Russia_Astrakhan_Oblast,20-49,460658
Russia_Astrakhan_Oblast,50-64,205043
Russia_Astrakhan_Oblast,65+,113166
Russia_Bashkortostan,0-4,280762
Russia_Bashkortostan,5-19,708211
Russia_Bashkortostan,20-49,1862143
Russia_Bashkortostan,50-64,804421
Russia_Bashkortostan,65+,465713
Russia_Belgorod_Oblast,0-4,86215
Russia_Belgorod_Oblast,5-19,236812
Russia_Belgorod_Oblast,20-49,696896
Russia_Belgorod_Oblast,50-64,318175
Russia_Belgorod_Oblast,65+,212829
Russia_Bryansk_Oblast,0-4,73007
Russia_Bryansk_Oblast,5-19,196188
Russia_Bryansk_Oblast,20-49,574762
Russia_Bryansk_Oblast,50-64,269041
Russia_Bryansk_Oblast,65+,180558
Russia_Buryatia,0-4,82961
Russia_Buryatia,5-19,176159
Russia_Buryatia,20-49,457336
Russia_Buryatia,50-64,183633
Russia_Buryatia,65+,83590
Russia_Chechnya,0-4,161248
Russia_Chechnya,5-19,374615
Russia_Chechnya,20-49,538427
Russia_Chechnya,50-64,144943
Russia_Chechnya,65+,64984
Russia_Chelyabinsk_Oblast,0-4,217022
Russia_Chelyabinsk_Oblast,5-19,546672
Russia_Chelyabinsk_Oblast,20-49,1579014
Russia_Chelyabinsk_Oblast,50-64,739098
Russia_Chelyabinsk_Oblast,65+,436203
Russia_Chukotka,0-4,3442
Russia_Chukotka,5-19,9493
Russia_Chukotka,20-49,26248
Russia_Chukotka,50-64,10330
Russia_Chukotka,65+,1578
Russia_Chuvashia,0-4,79704
Russia_Chuvashia,5-19,210718
Russia_Chuvashia,20-49,574130
Russia_Chuvashia,50-64,252850
Russia_Chuvashia,65+,149234
Russia_Dagestan,0-4,263171
Russia_Dagestan,5-19,772977
Russia_Dagestan,20-49,1357218
Russia_Dagestan,50-64,356367
Russia_Dagestan,65+,195492
Russia_Ingushetia,0-4,46349
Russia_Ingushetia,5-19,120149
Russia_Ingushetia,20-49,181057
Russia_Ingushetia,50-64,46940
Russia_Ingushetia,65+,22955
Russia_Irkutsk_Oblast,0-4,175146
Russia_Irkutsk_Oblast,5-19,418115
Russia_Irkutsk_Oblast,20-49,1123878
Russia_Irkutsk_Oblast,50-64,491553
Russia_Irkutsk_Oblast,65+,249243
Russia_Ivanovo_Oblast,0-4,55075
Russia_Ivanovo_Oblast,5-19,149789
Russia_Ivanovo_Oblast,20-49,467905
Russia_Ivanovo_Oblast,50-64,238948
Russia_Ivanovo_Oblast,65+,162670
Russia_Jewish_Autonomous_Oblast,0-4,12211
Russia_Jewish_Autonomous_Oblast,5-19,28219
Russia_Jewish_Autonomous_Oblast,20-49,83968
Russia_Jewish_Autonomous_Oblast,50-64,36860
Russia_Jewish_Autonomous_Oblast,65+,17383
Russia_Kabardino_Balkaria,0-4,62964
Russia_Kabardino_Balkaria,5-19,177884
Russia_Kabardino_Balkaria,20-49,402583
Russia_Kabardino_Balkaria,50-64,143026
Russia_Kabardino_Balkaria,65+,83789
Russia_Kaliningrad_Oblast,0-4,55960
Russia_Kaliningrad_Oblast,5-19,147873
Russia_Kaliningrad_Oblast,20-49,434784
Russia_Kaliningrad_Oblast,50-64,203578
Russia_Kaliningrad_Oblast,65+,110969
Russia_Kalmykia,0-4,22646
Russia_Kalmykia,5-19,56669
Russia_Kalmykia,20-49,134766
Russia_Kalmykia,50-64,55221
Russia_Kalmykia,65+,23622
Russia_Kaluga_Oblast,0-4,54471
Russia_Kaluga_Oblast,5-19,146034
Russia_Kaluga_Oblast,20-49,449593
Russia_Kaluga_Oblast,50-64,226896
Russia_Kaluga_Oblast,65+,146055
Russia_Kamchatka_Krai,0-4,19465
Russia_Kamchatka_Krai,5-19,50121
Russia_Kamchatka_Krai,20-49,161698
Russia_Kamchatka_Krai,50-64,68894
Russia_Kamchatka_Krai,65+,25735
Russia_Karachay_Cherkessia,0-4,35829
Russia_Karachay_Cherkessia,5-19,95774
Russia_Karachay_Cherkessia,20-49,219796
Russia_Karachay_Cherkessia,50-64,84195
Russia_Karachay_Cherkessia,65+,47972
Russia_Karelia,0-4,37134
Russia_Karelia,5-19,94361
Russia_Karelia,20-49,295893
Russia_Karelia,50-64,145192
Russia_Karelia,65+,78662
Russia_Kemerovo_Oblast,0-4,181163
Russia_Kemerovo_Oblast,5-19,433810
Russia_Kemerovo_Oblast,20-49,1256903
Russia_Kemerovo_Oblast,50-64,603317
Russia_Kemerovo_Oblast,65+,321153
Russia_Khabarovsk_Krai,0-4,80997
Russia_Khabarovsk_Krai,5-19,206524
Russia_Khabarovsk_Krai,20-49,641753
Russia_Khabarovsk_Krai,50-64,286427
Russia_Khabarovsk_Krai,65+,144294
Russia_Khakassia,0-4,39022
Russia_Khakassia,5-19,87664
Russia_Khakassia,20-49,246201
Russia_Khakassia,50-64,111935
Russia_Khakassia,65+,53942
Russia_Khanty_Mansi_Autonomous_Okrug,0-4,115473
Russia_Khanty_Mansi_Autonomous_Okrug,5-19,282139
Russia_Khanty_Mansi_Autonomous_Okrug,20-49,801949
Russia_Khanty_Mansi_Autonomous_Okrug,50-64,289590
Russia_Khanty_Mansi_Autonomous_Okrug,65+,61488
Russia_Kirov_Oblast,0-4,76920
Russia_Kirov_Oblast,5-19,185876
Russia_Kirov_Oblast,20-49,591107
Russia_Kirov_Oblast,50-64,320917
Russia_Kirov_Oblast,65+,182588
Russia_Komi_Republic,0-4,57740
Russia_Komi_Republic,5-19,145515
Russia_Komi_Republic,20-49,434173
Russia_Komi_Republic,50-64,194290
Russia_Komi_Republic,65+,80274
Russia_Kostroma_Oblast,0-4,38574
Russia_Kostroma_Oblast,5-19,97011
Russia_Kostroma_Oblast,20-49,294549
Russia_Kostroma_Oblast,50-64,150754
Russia_Kostroma_Oblast,65+,94662
Russia_Krasnodar_Krai,0-4,318247
Russia_Krasnodar_Krai,5-19,857577
Russia_Krasnodar_Krai,20-49,2344644
Russia_Krasnodar_Krai,50-64,1074990
Russia_Krasnodar_Krai,65+,694038
Russia_Krasnoyarsk_Krai,0-4,179241
Russia_Krasnoyarsk_Krai,5-19,455078
Russia_Krasnoyarsk_Krai,20-49,1338959
Russia_Krasnoyarsk_Krai,50-64,588360
Russia_Krasnoyarsk_Krai,65+,300536
Russia_Kurgan_Oblast,0-4,55689
Russia_Kurgan_Oblast,5-19,136224
Russia_Kurgan_Oblast,20-49,396808
Russia_Kurgan_Oblast,50-64,206731
Russia_Kurgan_Oblast,65+,126274
Russia_Kursk_Oblast,0-4,60078
Russia_Kursk_Oblast,5-19,166735
Russia_Kursk_Oblast,20-49,495175
Russia_Kursk_Oblast,50-64,250321
Russia_Kursk_Oblast,65+,168293
Russia_Leningrad_Oblast,0-4,87939
Russia_Leningrad_Oblast,5-19,240772
Russia_Leningrad_Oblast,20-49,770860
Russia_Leningrad_Oblast,50-64,400970
Russia_Leningrad_Oblast,65+,236943
Russia_Lipetsk_Oblast,0-4,63821
Russia_Lipetsk_Oblast,5-19,176153
Russia_Lipetsk_Oblast,20-49,521296
Russia_Lipetsk_Oblast,50-64,256363
Russia_Lipetsk_Oblast,65+,169961
Russia_Magadan_Oblast,0-4,8790
Russia_Magadan_Oblast,5-19,24094
Russia_Magadan_Oblast,20-49,78147
Russia_Magadan_Oblast,50-64,37523
Russia_Magadan_Oblast,65+,10290
Russia_Mari_El,0-4,43981
Russia_Mari_El,5-19,112313
Russia_Mari_El,20-49,320945
Russia_Mari_El,50-64,152655
Russia_Mari_El,65+,74903
Russia_Mordovia,0-4,42774
Russia_Mordovia,5-19,129699
Russia_Mordovia,20-49,378521
Russia_Mordovia,50-64,183567
Russia_Mordovia,65+,110194
Russia_Moscow,0-4,568177
Russia_Moscow,5-19,1670851
Russia_Moscow,20-49,5464039
Russia_Moscow,50-64,2421122
Russia_Moscow,65+,1517694
Russia_Moscow_Oblast,0-4,387363
Russia_Moscow_Oblast,5-19,1045693
Russia_Moscow_Oblast,20-49,3277292
Russia_Moscow_Oblast,50-64,1517220
Russia_Moscow_Oblast,65+,952893
Russia_Murmansk_Oblast,0-4,45637
Russia_Murmansk_Oblast,5-19,118512
Russia_Murmansk_Oblast,20-49,392031
Russia_Murmansk_Oblast,50-64,175730
Russia_Murmansk_Oblast,65+,73022
Russia_Nenets_Autonomous_Okrug,0-4,3363
Russia_Nenets_Autonomous_Okrug,5-19,8057
Russia_Nenets_Autonomous_Okrug,20-49,20330
Russia_Nenets_Autonomous_Okrug,50-64,8083
Russia_Nenets_Autonomous_Okrug,65+,2725
Russia_Nizhny_Novgorod_Oblast,0-4,176132
Russia_Nizhny_Novgorod_Oblast,5-19,492675
Russia_Nizhny_Novgorod_Oblast,20-49,1485057
Russia_Nizhny_Novgorod_Oblast,50-64,728460
Russia_Nizhny_Novgorod_Oblast,65+,468067
Russia_North_Ossetia_Alania,0-4,49483
Russia_North_Ossetia_Alania,5-19,143881
Russia_North_Ossetia_Alania,20-49,317509
Russia_North_Ossetia_Alania,50-64,123594
Russia_North_Ossetia_Alania,65+,87055
Russia_Novgorod_Oblast,0-4,34805
Russia_Novgorod_Oblast,5-19,88582
Russia_Novgorod_Oblast,20-49,275015
Russia_Novgorod_Oblast,50-64,146637
Russia_Novgorod_Oblast,65+,96657
Russia_Novosibirsk_Oblast,0-4,161204
Russia_Novosibirsk_Oblast,5-19,398728
Russia_Novosibirsk_Oblast,20-49,1228573
Russia_Novosibirsk_Oblast,50-64,574610
Russia_Novosibirsk_Oblast,65+,334832
Russia_Omsk_Oblast,0-4,124574
Russia_Omsk_Oblast,5-19,314547
Russia_Omsk_Oblast,20-49,916290
Russia_Omsk_Oblast,50-64,416687
Russia_Omsk_Oblast,65+,229324
Russia_Orenburg_Oblast,0-4,132890
Russia_Orenburg_Oblast,5-19,333351
Russia_Orenburg_Oblast,20-49,931879
Russia_Orenburg_Oblast,50-64,415915
Russia_Orenburg_Oblast,65+,243459
Russia_Oryol_Oblast,0-4,42193
Russia_Oryol_Oblast,5-19,117409
Russia_Oryol_Oblast,20-49,345300
Russia_Oryol_Oblast,50-64,178497
Russia_Oryol_Oblast,65+,112963
Russia_Penza_Oblast,0-4,72220
Russia_Penza_Oblast,5-19,200981
Russia_Penza_Oblast,20-49,614227
Russia_Penza_Oblast,50-64,317804
Russia_Penza_Oblast,65+,197592
Russia_Perm_Krai,0-4,169613
Russia_Perm_Krai,5-19,433188
Russia_Perm_Krai,20-49,1196078
Russia_Perm_Krai,50-64,560463
Russia_Perm_Krai,65+,307603
Russia_Primorsky_Krai,0-4,112684
Russia_Primorsky_Krai,5-19,297834
Russia_Primorsky_Krai,20-49,916487
Russia_Primorsky_Krai,50-64,427777
Russia_Primorsky_Krai,65+,225217
Russia_Pskov_Oblast,0-4,34963
Russia_Pskov_Oblast,5-19,93606
Russia_Pskov_Oblast,20-49,292042
Russia_Pskov_Oblast,50-64,157304
Russia_Pskov_Oblast,65+,103566
Russia_Rostov_Oblast,0-4,240573
Russia_Rostov_Oblast,5-19,671209
Russia_Rostov_Oblast,20-49,1940933
Russia_Rostov_Oblast,50-64,899010
Russia_Rostov_Oblast,65+,577691
Russia_Ryazan_Oblast,0-4,26288
Russia_Ryazan_Oblast,5-19,73719
Russia_Ryazan_Oblast,20-49,226371
Russia_Ryazan_Oblast,50-64,119946
Russia_Ryazan_Oblast,65+,84875
Russia_Sakha,0-4,80480
Russia_Sakha,5-19,208637
Russia_Sakha,20-49,454772
Russia_Sakha,50-64,172024
Russia_Sakha,65+,54106
Russia_Sakhalin_Oblast,0-4,30218
Russia_Sakhalin_Oblast,5-19,75052
Russia_Sakhalin_Oblast,20-49,237965
Russia_Sakhalin_Oblast,50-64,116860
Russia_Sakhalin_Oblast,65+,43830
Russia_Samara_Oblast,0-4,174801
Russia_Samara_Oblast,5-19,481310
Russia_Samara_Oblast,20-49,1471737
Russia_Samara_Oblast,50-64,706211
Russia_Samara_Oblast,65+,420125
Russia_Saratov_Oblast,0-4,136219
Russia_Saratov_Oblast,5-19,381877
Russia_Saratov_Oblast,20-49,1139799
Russia_Saratov_Oblast,50-64,540862
Russia_Saratov_Oblast,65+,353439
Russia_Smolensk_Oblast,0-4,50186
Russia_Smolensk_Oblast,5-19,139019
Russia_Smolensk_Oblast,20-49,442649
Russia_Smolensk_Oblast,50-64,228069
Russia_Smolensk_Oblast,65+,137427
Russia_St._Petersburg,0-4,229572
Russia_St._Petersburg,5-19,670993
Russia_St._Petersburg,20-49,2246644
Russia_St._Petersburg,50-64,1090478
Russia_St._Petersburg,65+,700556
Russia_Stavropol_Krai,0-4,180767
Russia_Stavropol_Krai,5-19,487178
Russia_Stavropol_Krai,20-49,1263987
Russia_Stavropol_Krai,50-64,542688
Russia_Stavropol_Krai,65+,345147
Russia_Sverdlovsk_Oblast,0-4,266153
Russia_Sverdlovsk_Oblast,5-19,645224
Russia_Sverdlovsk_Oblast,20-49,1953967
Russia_Sverdlovsk_Oblast,50-64,935072
Russia_Sverdlovsk_Oblast,65+,549004
Russia_Tambov_Oblast,0-4,51346
Russia_Tambov_Oblast,5-19,160315
Russia_Tambov_Oblast,20-49,475902
Russia_Tambov_Oblast,50-64,245529
Russia_Tambov_Oblast,65+,172001
Russia_Tatarstan,0-4,232646
Russia_Tatarstan,5-19,650282
Russia_Tatarstan,20-49,1731179
Russia_Tatarstan,50-64,766043
Russia_Tatarstan,65+,451862
Russia_Tomsk_Oblast,0-4,34671
Russia_Tomsk_Oblast,5-19,83935
Russia_Tomsk_Oblast,20-49,248275
Russia_Tomsk_Oblast,50-64,108955
Russia_Tomsk_Oblast,65+,55103
Russia_Tula_Oblast,0-4,74110
Russia_Tula_Oblast,5-19,217021
Russia_Tula_Oblast,20-49,675752
Russia_Tula_Oblast,50-64,358561
Russia_Tula_Oblast,65+,247137
Russia_Tuva,0-4,37547
Russia_Tuva,5-19,75901
Russia_Tuva,20-49,144846
Russia_Tuva,50-64,38408
Russia_Tuva,65+,14892
Russia_Tver_Oblast,0-4,21461
Russia_Tver_Oblast,5-19,56871
Russia_Tver_Oblast,20-49,174216
Russia_Tver_Oblast,50-64,92007
Russia_Tver_Oblast,65+,63864
Russia_Tyumen_Oblast,0-4,41630
Russia_Tyumen_Oblast,5-19,95338
Russia_Tyumen_Oblast,20-49,273315
Russia_Tyumen_Oblast,50-64,119172
Russia_Tyumen_Oblast,65+,59415
Russia_Udmurtia,0-4,103565
Russia_Udmurtia,5-19,251144
Russia_Udmurtia,20-49,699104
Russia_Udmurtia,50-64,324849
Russia_Udmurtia,65+,161027
Russia_Ulyanovsk_Oblast,0-4,65950
Russia_Ulyanovsk_Oblast,5-19,189114
Russia_Ulyanovsk_Oblast,20-49,581712
Russia_Ulyanovsk_Oblast,50-64,296532
Russia_Ulyanovsk_Oblast,65+,175004
Russia_Vladimir_Oblast,0-4,76716
Russia_Vladimir_Oblast,5-19,206330
Russia_Vladimir_Oblast,20-49,633151
Russia_Vladimir_Oblast,50-64,326049
Russia_Vladimir_Oblast,65+,218776
Russia_Volgograd_Oblast,0-4,153874
Russia_Volgograd_Oblast,5-19,407499
Russia_Volgograd_Oblast,20-49,1177600
Russia_Volgograd_Oblast,50-64,547921
Russia_Volgograd_Oblast,65+,354636
Russia_Vologda_Oblast,0-4,18121
Russia_Vologda_Oblast,5-19,45067
Russia_Vologda_Oblast,20-49,136242
Russia_Vologda_Oblast,50-64,66564
Russia_Vologda_Oblast,65+,39354
Russia_Voronezh_Oblast,0-4,117778
Russia_Voronezh_Oblast,5-19,338469
Russia_Voronezh_Oblast,20-49,1030712
Russia_Voronezh_Oblast,50-64,512301
Russia_Voronezh_Oblast,65+,364183
Russia_Yamalo_Nenets_Autonomous_Okrug,0-4,40676
Russia_Yamalo_Nenets_Autonomous_Okrug,5-19,104161
Russia_Yamalo_Nenets_Autonomous_Okrug,20-49,278978
Russia_Yamalo_Nenets_Autonomous_Okrug,50-64,92933
Russia_Yamalo_Nenets_Autonomous_Okrug,65+,12405
Russia_Yaroslavl_Oblast,0-4,67483
Russia_Yaroslavl_Oblast,5-19,179976
Russia_Yaroslavl_Oblast,20-49,566973
Russia_Yaroslavl_Oblast,50-64,282941
Russia_Yaroslavl_Oblast,65+,190365
Russia_Zabaykalsky_Krai,0-4,85683
Russia_Zabaykalsky_Krai,5-19,204007
Russia_Zabaykalsky_Krai,20-49,521069
Russia_Zabaykalsky_Krai,50-64,211672
Russia_Zabaykalsky_Krai,65+,97956
Rwanda,0-4,1886133
Rwanda,5-19,5000143
Rwanda,20-49,5623700
Rwanda,50-64,1049916
Rwanda,65+,546455
Saint_Lucia,0-4,10160
Saint_Lucia,5-19,34078
Saint_Lucia,20-49,85713
Saint_Lucia,50-64,32603
Saint_Lucia,65+,16967
Saint_Vincent_and_the_Grenadines,0-4,6267
Saint_Vincent_and_the_Grenadines,5-19,22729
Saint_Vincent_and_the_Grenadines,20-49,41508
Saint_Vincent_and_the_Grenadines,50-64,18622
Saint_Vincent_and_the_Grenadines,65+,11840
Samoa,0-4,27918
Samoa,5-19,77735
Samoa,20-49,73685
Samoa,50-64,25438
Samoa,65+,12566
Sao_Tome_and_Principe,0-4,30936
Sao_Tome_and_Principe,5-19,84942
Sao_Tome_and_Principe,20-49,88970
Sao_Tome_and_Principe,50-64,19284
Sao_Tome_and_Principe,65+,9052
Saudi_Arabia,0-4,2619700
Saudi_Arabia,5-19,7840181
Saudi_Arabia,20-49,18831836
Saudi_Arabia,50-64,3393480
Saudi_Arabia,65+,976043
Senegal,0-4,2471997
Senegal,5-19,6582517
Senegal,20-49,7194295
Senegal,50-64,1380192
Senegal,65+,659071
Serbia,0-4,312158
Serbia,5-19,996029
Serbia,20-49,2558700
Serbia,50-64,1370716
Serbia,65+,1520727
Seychelles,0-4,8876
Seychelles,5-19,25027
Seychelles,20-49,63108
Seychelles,50-64,21289
Seychelles,65+,10905
Sierra_Leone,0-4,1168727
Sierra_Leone,5-19,3039770
Sierra_Leone,20-49,3404248
Sierra_Leone,50-64,664464
Sierra_Leone,65+,275696
Singapore,0-4,230778
Singapore,5-19,806290
Singapore,20-49,3003306
Singapore,50-64,994591
Singapore,65+,777495
Slovakia,0-4,279092
Slovakia,5-19,873932
Slovakia,20-49,2287254
Slovakia,50-64,1069334
Slovakia,65+,1009961
Slovenia,0-4,94808
Slovenia,5-19,322818
Slovenia,20-49,799058
Slovenia,50-64,445665
Slovenia,65+,456872
Solomon_Islands,0-4,103998
Solomon_Islands,5-19,279440
Solomon_Islands,20-49,326075
Solomon_Islands,50-64,70654
Solomon_Islands,65+,29371
South_Africa,0-4,6774110
South_Africa,5-19,17905842
South_Africa,20-49,28605764
South_Africa,50-64,6795571
South_Africa,65+,3546553
South_Africa_Eastern_Cape,0-4,919013
South_Africa_Eastern_Cape,5-19,2673751
South_Africa_Eastern_Cape,20-49,2996331
South_Africa_Eastern_Cape,50-64,916653
South_Africa_Eastern_Cape,65+,559208
South_Africa_Free_State,0-4,353769
South_Africa_Free_State,5-19,948292
South_Africa_Free_State,20-49,1493931
South_Africa_Free_State,50-64,386673
South_Africa_Free_State,65+,191721
South_Africa_Gauteng,0-4,1472963
South_Africa_Gauteng,5-19,3297538
South_Africa_Gauteng,20-49,8018348
South_Africa_Gauteng,50-64,1628357
South_Africa_Gauteng,65+,665806
South_Africa_KwaZulu-Natal,0-4,1370458
South_Africa_KwaZulu-Natal,5-19,3976025
South_Africa_KwaZulu-Natal,20-49,5332559
South_Africa_KwaZulu-Natal,50-64,1261266
South_Africa_KwaZulu-Natal,65+,678531
South_Africa_Limpopo,0-4,819056
South_Africa_Limpopo,5-19,2241944
South_Africa_Limpopo,20-49,2540487
South_Africa_Limpopo,50-64,603324
South_Africa_Limpopo,65+,437925
South_Africa_Mpumalanga,0-4,548576
South_Africa_Mpumalanga,5-19,1524460
South_Africa_Mpumalanga,20-49,2186652
South_Africa_Mpumalanga,50-64,467289
South_Africa_Mpumalanga,65+,238215
South_Africa_North_West,0-4,469111
South_Africa_North_West,5-19,1165973
South_Africa_North_West,20-49,1935507
South_Africa_North_West,50-64,487816
South_Africa_North_West,65+,255407
South_Africa_Northern_Cape,0-4,149818
South_Africa_Northern_Cape,5-19,407793
South_Africa_Northern_Cape,20-49,603490
South_Africa_Northern_Cape,50-64,164673
South_Africa_Northern_Cape,65+,82490
South_Africa_Western_Cape,0-4,671604
South_Africa_Western_Cape,5-19,1691369
South_Africa_Western_Cape,20-49,3480875
South_Africa_Western_Cape,50-64,876579
South_Africa_Western_Cape,65+,435879
South_Korea,0-4,1308826
South_Korea,5-19,6559850
South_Korea,20-49,21301572
South_Korea,50-64,12852763
South_Korea,65+,9715075
South_Sudan,0-4,1528784
South_Sudan,5-19,4621307
South_Sudan,20-49,4307202
South_Sudan,50-64,1013898
South_Sudan,65+,348662
Spain,0-4,1742340
Spain,5-19,7066112
Spain,20-49,18261189
Spain,50-64,10828962
Spain,65+,10017212
Sri_Lanka,0-4,1628799
Sri_Lanka,5-19,5294026
Sri_Lanka,20-49,9601509
Sri_Lanka,50-64,3768599
Sri_Lanka,65+,2745502
Sudan,0-4,7609357
Sudan,5-19,18075320
Sudan,20-49,18982403
Sudan,50-64,3750512
Sudan,65+,1630981
Suriname,0-4,53349
Suriname,5-19,163942
Suriname,20-49,269926
Suriname,50-64,95512
Suriname,65+,49014
Sweden,0-4,556392
Sweden,5-19,1867839
Sweden,20-49,4031414
Sweden,50-64,1939098
Sweden,65+,2186335
Switzerland,0-4,431948
Switzerland,5-19,1332544
Switzerland,20-49,3469179
Switzerland,50-64,1900661
Switzerland,65+,1763735
Syrian_Arab_Republic,0-4,2356754
Syrian_Arab_Republic,5-19,7693504
Syrian_Arab_Republic,20-49,10530483
Syrian_Arab_Republic,50-64,2458727
Syrian_Arab_Republic,65+,1135158
Taiwan,0-4,750073
Taiwan,5-19,3019956
Taiwan,20-49,9791417
Taiwan,50-64,5341386
Taiwan,65+,4361456
Tajikistan,0-4,1333792
Tajikistan,5-19,3392508
Tajikistan,20-49,4324785
Tajikistan,50-64,1047680
Tajikistan,65+,392940
Tanzania,0-4,10915497
Tanzania,5-19,25289956
Tanzania,20-49,25098168
Tanzania,50-64,4216249
Tanzania,65+,2058339
Thailand,0-4,3063331
Thailand,5-19,11943643
Thailand,20-49,30528083
Thailand,50-64,15372936
Thailand,65+,10781214
Timor-Leste,0-4,154343
Timor-Leste,5-19,476362
Timor-Leste,20-49,563852
Timor-Leste,50-64,123340
Timor-Leste,65+,73827
Togo,0-4,1349822
Togo,5-19,3378207
Togo,20-49,3619478
Togo,50-64,764802
Togo,65+,300081
Tonga,0-4,11792
Tonga,5-19,36874
Tonga,20-49,36498
Tonga,50-64,12262
Tonga,65+,6951
Trinidad_and_Tobago,0-4,83437
Trinidad_and_Tobago,5-19,280363
Trinidad_and_Tobago,20-49,682166
Trinidad_and_Tobago,50-64,277422
Trinidad_and_Tobago,65+,182364
Tunisia,0-4,884461
Tunisia,5-19,2954606
Tunisia,20-49,5277793
Tunisia,50-64,1981460
Tunisia,65+,1141939
Turkey,0-4,5631678
Turkey,5-19,19567097
Turkey,20-49,39463458
Turkey,50-64,13841415
Turkey,65+,8868025
Turkmenistan,0-4,798787
Turkmenistan,5-19,2079686
Turkmenistan,20-49,3273181
Turkmenistan,50-64,952591
Turkmenistan,65+,326457
Uganda,0-4,8009627
Uganda,5-19,19327665
Uganda,20-49,18237535
Uganda,50-64,2687338
Uganda,65+,1069927
Ukraine,0-4,1247983
Ukraine,5-19,5986443
Ukraine,20-49,15237578
Ukraine,50-64,7907637
Ukraine,65+,7061619
United_Arab_Emirates,0-4,572223
United_Arab_Emirates,5-19,1687421
United_Arab_Emirates,20-49,7264548
United_Arab_Emirates,50-64,1124299
United_Arab_Emirates,65+,190638
United_Kingdom,0-4,3559921
United_Kingdom,5-19,12402424
United_Kingdom,20-49,26335370
United_Kingdom,50-64,13252533
United_Kingdom,65+,13372795
United_States,0-4,18608139
United_States,5-19,63540783
United_States,20-49,132780169
United_States,50-64,63172279
United_States,65+,60019216
United_States_Alabama,0-4,293105
United_States_Alabama,5-19,977307
United_States_Alabama,20-49,1930041
United_States_Alabama,50-64,975703
United_States_Alabama,65+,932312
United_States_Alaska,0-4,45857
United_States_Alaska,5-19,146045
United_States_Alaska,20-49,309304
United_States_Alaska,50-64,126889
United_States_Alaska,65+,105311
United_States_Arizona,0-4,393531
United_States_Arizona,5-19,1388774
United_States_Arizona,20-49,2898751
United_States_Arizona,50-64,1315769
United_States_Arizona,65+,1434519
United_States_Arkansas,0-4,180834
United_States_Arkansas,5-19,605183
United_States_Arkansas,20-49,1171006
United_States_Arkansas,50-64,559415
United_States_Arkansas,65+,551294
United_States_California,0-4,2097790
United_States_California,5-19,7387379
United_States_California,20-49,16044250
United_States_California,50-64,7123841
United_States_California,65+,6311933
United_States_Colorado,0-4,308959
United_States_Colorado,5-19,1059650
United_States_Colorado,20-49,2533481
United_States_Colorado,50-64,1032505
United_States_Colorado,65+,943015
United_States_Connecticut,0-4,180673
United_States_Connecticut,5-19,642118
United_States_Connecticut,20-49,1363241
United_States_Connecticut,50-64,740370
United_States_Connecticut,65+,690774
United_States_Delaware,0-4,54471
United_States_Delaware,5-19,184431
United_States_Delaware,20-49,369336
United_States_Delaware,50-64,204334
United_States_Delaware,65+,219318
United_States_District_of_Columbia,0-4,38586
United_States_District_of_Columbia,5-19,108200
United_States_District_of_Columbia,20-49,345397
United_States_District_of_Columbia,50-64,98057
United_States_District_of_Columbia,65+,88732
United_States_Florida,0-4,1124756
United_States_Florida,5-19,3769116
United_States_Florida,20-49,8343295
United_States_Florida,50-64,4456867
United_States_Florida,65+,4916692
United_States_Georgia,0-4,635832
United_States_Georgia,5-19,2200765
United_States_Georgia,20-49,4428609
United_States_Georgia,50-64,2067804
United_States_Georgia,65+,1696217
United_States_Hawaii,0-4,77650
United_States_Hawaii,5-19,245823
United_States_Hawaii,20-49,547440
United_States_Hawaii,50-64,261719
United_States_Hawaii,65+,302506
United_States_Idaho,0-4,113383
United_States_Idaho,5-19,416543
United_States_Idaho,20-49,757572
United_States_Idaho,50-64,336098
United_States_Idaho,65+,341130
United_States_Illinois,0-4,664874
United_States_Illinois,5-19,2362711
United_States_Illinois,20-49,4945152
United_States_Illinois,50-64,2373030
United_States_Illinois,65+,2203922
United_States_Indiana,0-4,405723
United_States_Indiana,5-19,1365856
United_States_Indiana,20-49,2648859
United_States_Indiana,50-64,1262613
United_States_Indiana,65+,1179148
United_States_Iowa,0-4,186039
United_States_Iowa,5-19,636239
United_States_Iowa,20-49,1210993
United_States_Iowa,50-64,577896
United_States_Iowa,65+,595837
United_States_Kansas,0-4,174988
United_States_Kansas,5-19,603139
United_States_Kansas,20-49,1137104
United_States_Kansas,50-64,511921
United_States_Kansas,65+,513394
United_States_Kentucky,0-4,263862
United_States_Kentucky,5-19,863848
United_States_Kentucky,20-49,1728098
United_States_Kentucky,50-64,863589
United_States_Kentucky,65+,806757
United_States_Louisiana,0-4,279427
United_States_Louisiana,5-19,904291
United_States_Louisiana,20-49,1766026
United_States_Louisiana,50-64,830350
United_States_Louisiana,65+,793655
United_States_Maine,0-4,61645
United_States_Maine,5-19,221105
United_States_Maine,20-49,496828
United_States_Maine,50-64,295303
United_States_Maine,65+,320841
United_States_Maryland,0-4,349713
United_States_Maryland,5-19,1165125
United_States_Maryland,20-49,2385928
United_States_Maryland,50-64,1213103
United_States_Maryland,65+,1066384
United_States_Massachusetts,0-4,343943
United_States_Massachusetts,5-19,1200113
United_States_Massachusetts,20-49,2778406
United_States_Massachusetts,50-64,1385263
United_States_Massachusetts,65+,1293674
United_States_Michigan,0-4,529962
United_States_Michigan,5-19,1838285
United_States_Michigan,20-49,3775711
United_States_Michigan,50-64,1966551
United_States_Michigan,65+,1926752
United_States_Minnesota,0-4,328430
United_States_Minnesota,5-19,1120325
United_States_Minnesota,20-49,2206489
United_States_Minnesota,50-64,1059424
United_States_Minnesota,65+,1023247
United_States_Mississippi,0-4,173870
United_States_Mississippi,5-19,588607
United_States_Mississippi,20-49,1112493
United_States_Mississippi,50-64,547058
United_States_Mississippi,65+,517662
United_States_Missouri,0-4,351517
United_States_Missouri,5-19,1180950
United_States_Missouri,20-49,2370116
United_States_Missouri,50-64,1156958
United_States_Missouri,65+,1136615
United_States_Montana,0-4,57574
United_States_Montana,5-19,205092
United_States_Montana,20-49,433810
United_States_Montana,50-64,204352
United_States_Montana,65+,231984
United_States_Nebraska,0-4,123659
United_States_Nebraska,5-19,412625
United_States_Nebraska,20-49,762825
United_States_Nebraska,50-64,339724
United_States_Nebraska,65+,339546
United_States_Nevada,0-4,171440
United_States_Nevada,5-19,584009
United_States_Nevada,20-49,1283844
United_States_Nevada,50-64,599174
United_States_Nevada,65+,555709
United_States_New_Hampshire,0-4,62585
United_States_New_Hampshire,5-19,224130
United_States_New_Hampshire,20-49,517939
United_States_New_Hampshire,50-64,305874
United_States_New_Hampshire,65+,291526
United_States_New_Jersey,0-4,519070
United_States_New_Jersey,5-19,1711116
United_States_New_Jersey,20-49,3553248
United_States_New_Jersey,50-64,1859063
United_States_New_Jersey,65+,1648344
United_States_New_Mexico,0-4,107321
United_States_New_Mexico,5-19,401289
United_States_New_Mexico,20-49,810293
United_States_New_Mexico,50-64,376917
United_States_New_Mexico,65+,418551
United_States_New_York,0-4,1038816
United_States_New_York,5-19,3418795
United_States_New_York,20-49,7663310
United_States_New_York,50-64,3816194
United_States_New_York,65+,3634101
United_States_North_Carolina,0-4,606455
United_States_North_Carolina,5-19,2025224
United_States_North_Carolina,20-49,4219256
United_States_North_Carolina,50-64,2076067
United_States_North_Carolina,65+,1908489
United_States_North_Dakota,0-4,49307
United_States_North_Dakota,5-19,160327
United_States_North_Dakota,20-49,314917
United_States_North_Dakota,50-64,126059
United_States_North_Dakota,65+,133316
United_States_Ohio,0-4,658693
United_States_Ohio,5-19,2218115
United_States_Ohio,20-49,4452829
United_States_Ohio,50-64,2247348
United_States_Ohio,65+,2208950
United_States_Oklahoma,0-4,244277
United_States_Oklahoma,5-19,833760
United_States_Oklahoma,20-49,1599767
United_States_Oklahoma,50-64,702382
United_States_Oklahoma,65+,673638
United_States_Oregon,0-4,202332
United_States_Oregon,5-19,728283
United_States_Oregon,20-49,1707679
United_States_Oregon,50-64,765790
United_States_Oregon,65+,829274
United_States_Pennsylvania,0-4,665907
United_States_Pennsylvania,5-19,2322846
United_States_Pennsylvania,20-49,4840903
United_States_Pennsylvania,50-64,2536353
United_States_Pennsylvania,65+,2595674
United_States_Rhode_Island,0-4,52210
United_States_Rhode_Island,5-19,186130
United_States_Rhode_Island,20-49,427373
United_States_Rhode_Island,50-64,218701
United_States_Rhode_Island,65+,211548
United_States_South_Carolina,0-4,291612
United_States_South_Carolina,5-19,996048
United_States_South_Carolina,20-49,2011730
United_States_South_Carolina,50-64,1036234
United_States_South_Carolina,65+,1037931
United_States_South_Dakota,0-4,57935
United_States_South_Dakota,5-19,188337
United_States_South_Dakota,20-49,342248
United_States_South_Dakota,50-64,161961
United_States_South_Dakota,65+,168837
United_States_Tennessee,0-4,411380
United_States_Tennessee,5-19,1331507
United_States_Tennessee,20-49,2783982
United_States_Tennessee,50-64,1357624
United_States_Tennessee,65+,1241996
United_States_Texas,0-4,1936893
United_States_Texas,5-19,6471708
United_States_Texas,20-49,12717186
United_States_Texas,50-64,5189451
United_States_Texas,65+,4188063
United_States_Utah,0-4,231295
United_States_Utah,5-19,809530
United_States_Utah,20-49,1473959
United_States_Utah,50-64,485814
United_States_Utah,65+,417136
United_States_Vermont,0-4,27348
United_States_Vermont,5-19,107028
United_States_Vermont,20-49,238074
United_States_Vermont,50-64,131891
United_States_Vermont,65+,143123
United_States_Virginia,0-4,485946
United_States_Virginia,5-19,1625083
United_States_Virginia,20-49,3454329
United_States_Virginia,50-64,1651461
United_States_Virginia,65+,1498879
United_States_Washington,0-4,421127
United_States_Washington,5-19,1403135
United_States_Washington,20-49,3260177
United_States_Washington,50-64,1390682
United_States_Washington,65+,1337759
United_States_West_Virginia,0-4,87399
United_States_West_Virginia,5-19,308498
United_States_West_Virginia,20-49,643001
United_States_West_Virginia,50-64,350494
United_States_West_Virginia,65+,380679
United_States_Wisconsin,0-4,310374
United_States_Wisconsin,5-19,1094059
United_States_Wisconsin,20-49,2222013
United_States_Wisconsin,50-64,1154707
United_States_Wisconsin,65+,1129802
United_States_Wyoming,0-4,30785
United_States_Wyoming,5-19,114199
United_States_Wyoming,20-49,222773
United_States_Wyoming,50-64,104435
United_States_Wyoming,65+,111865
Uruguay,0-4,172355
Uruguay,5-19,689121
Uruguay,20-49,1408988
Uruguay,50-64,577383
Uruguay,65+,539631
Uzbekistan,0-4,4394823
Uzbekistan,5-19,9496482
Uzbekistan,20-49,15556819
Uzbekistan,50-64,4485572
Uzbekistan,65+,2076757
Vanuatu,0-4,44060
Vanuatu,5-19,111678
Vanuatu,20-49,124982
Vanuatu,50-64,29578
Vanuatu,65+,13786
Venezuela,0-4,2098983
Venezuela,5-19,7949668
Venezuela,20-49,11220769
Venezuela,50-64,4385652
Venezuela,65+,2695850
Vietnam,0-4,7133674
Vietnam,5-19,23664739
Vietnam,20-49,44554118
Vietnam,50-64,16442466
Vietnam,65+,8880294
Yemen,0-4,6375102
Yemen,5-19,14228827
Yemen,20-49,15839180
Yemen,50-64,2539134
Yemen,65+,1005017
Zambia,0-4,3177314
Zambia,5-19,7952434
Zambia,20-49,8192268
Zambia,50-64,1291804
Zambia,65+,403728
Zimbabwe,0-4,2321288
Zimbabwe,5-19,6317202
Zimbabwe,20-49,6302002
Zimbabwe,50-64,941583
Zimbabwe,65+,596308
